"LANGUAGE","NAME","VERSION","LICENSES","COPYRIGHTS","URL"
"nodejs","@angular-devkit/architect","0.1202.2","MIT","Copyright (c) 2010-2025 Google LLC. https://angular.dev/license","https://www.npmjs.com/package/%40angular-devkit%2Farchitect"
"nodejs","@angular-devkit/architect","0.900.7","MIT","Copyright (c) 2010-2025 Google LLC. https://angular.dev/license","https://www.npmjs.com/package/%40angular-devkit%2Farchitect"
"nodejs","@angular-devkit/architect","0.901.12","MIT","Copyright (c) 2010-2025 Google LLC. https://angular.dev/license","https://www.npmjs.com/package/%40angular-devkit%2Farchitect"
"nodejs","@angular-devkit/core","12.2.2","MIT","Copyright (c) 2010-2025 Google LLC. https://angular.dev/license","https://www.npmjs.com/package/%40angular-devkit%2Fcore"
"nodejs","@angular-devkit/core","9.0.7","MIT","Copyright (c) 2010-2025 Google LLC. https://angular.dev/license","https://www.npmjs.com/package/%40angular-devkit%2Fcore"
"nodejs","@angular-devkit/core","9.1.12","MIT","Copyright (c) 2010-2025 Google LLC. https://angular.dev/license","https://www.npmjs.com/package/%40angular-devkit%2Fcore"
"nodejs","@angular-devkit/schematics","12.2.2","MIT","Copyright (c) 2010-2025 Google LLC. https://angular.dev/license","https://www.npmjs.com/package/%40angular-devkit%2Fschematics"
"nodejs","@angular-devkit/schematics","9.1.12","MIT","Copyright (c) 2010-2025 Google LLC. https://angular.dev/license","https://www.npmjs.com/package/%40angular-devkit%2Fschematics"
"nodejs","@angular/animations","9.1.12","MIT","Copyright (c) 2010-2025 Google LLC. https://angular.dev/license","https://www.npmjs.com/package/%40angular%2Fanimations"
"nodejs","@angular/cdk","9.2.4","MIT","Copyright (c) 2025 Google LLC.","https://www.npmjs.com/package/%40angular%2Fcdk"
"nodejs","@angular/cli","12.2.2","MIT","Copyright (c) 2010-2025 Google LLC. https://angular.dev/license","https://www.npmjs.com/package/%40angular%2Fcli"
"nodejs","@angular/cli","9.1.12","MIT","Copyright (c) 2010-2025 Google LLC. https://angular.dev/license","https://www.npmjs.com/package/%40angular%2Fcli"
"nodejs","@angular/common","9.1.12","MIT","Copyright (c) 2010-2025 Google LLC. https://angular.dev/license","https://www.npmjs.com/package/%40angular%2Fcommon"
"nodejs","@angular/compiler","9.1.12","MIT","Copyright (c) 2010-2025 Google LLC. https://angular.dev/license","https://www.npmjs.com/package/%40angular%2Fcompiler"
"nodejs","@angular/core","9.1.12","MIT","Copyright (c) 2010-2025 Google LLC. https://angular.dev/license","https://www.npmjs.com/package/%40angular%2Fcore"
"nodejs","@angular/elements","9.1.12","MIT","Copyright (c) 2010-2025 Google LLC. https://angular.dev/license","https://www.npmjs.com/package/%40angular%2Felements"
"nodejs","@angular/forms","9.1.12","MIT","Copyright (c) 2010-2025 Google LLC. https://angular.dev/license","https://www.npmjs.com/package/%40angular%2Fforms"
"nodejs","@angular/localize","9.1.12","MIT","Copyright (c) 2010-2025 Google LLC. https://angular.dev/license","https://www.npmjs.com/package/%40angular%2Flocalize"
"nodejs","@angular/platform-browser","9.1.12","MIT","Copyright (c) 2010-2025 Google LLC. https://angular.dev/license","https://www.npmjs.com/package/%40angular%2Fplatform-browser"
"nodejs","@angular/platform-browser-dynamic","9.1.12","MIT","Copyright (c) 2010-2025 Google LLC. https://angular.dev/license","https://www.npmjs.com/package/%40angular%2Fplatform-browser-dynamic"
"nodejs","@angular/router","9.1.12","MIT","Copyright (c) 2010-2025 Google LLC. https://angular.dev/license","https://www.npmjs.com/package/%40angular%2Frouter"
"nodejs","@babel/core","7.7.7","MIT","Copyright (c) 2014-present Sebastian McKenzie and other contributors","https://www.npmjs.com/package/%40babel%2Fcore"
"nodejs","@fortawesome/fontawesome-free","5.15.4","MIT","Copyright (c) 2024 Fonticons, Inc. (https://fontawesome.com)with Reserved Font Name: Font Awesome.","https://www.npmjs.com/package/%40fortawesome%2Ffontawesome-free"
"nodejs","@ng-bootstrap/ng-bootstrap","6.0.0","MIT","Copyright (c) 2015-2018 Angular ng-bootstrap team","https://www.npmjs.com/package/%40ng-bootstrap%2Fng-bootstrap"
"nodejs","@schematics/angular","12.2.2","MIT","Copyright (c) 2010-2025 Google LLC. https://angular.dev/license","https://www.npmjs.com/package/%40schematics%2Fangular"
"nodejs","@schematics/angular","9.1.12","MIT","Copyright (c) 2010-2025 Google LLC. https://angular.dev/license","https://www.npmjs.com/package/%40schematics%2Fangular"
"nodejs","@schematics/update","0.901.12","MIT","Copyright (c) 2010-2025 Google LLC. https://angular.dev/license","https://www.npmjs.com/package/%40schematics%2Fupdate"
"nodejs","@swimlane/ngx-datatable","18.0.0","MIT","Copyright (c) 2019 Swimlane <info@swimlane.com>","https://www.npmjs.com/package/%40swimlane%2Fngx-datatable"
"nodejs","@types/lodash","4.14.178","MIT","Copyrights are respective of each contributor listed at the beginning of each definition file","https://www.npmjs.com/package/%40types%2Flodash"
"nodejs","@yarnpkg/lockfile","1.1.0","BSD-2-Clause","Copyright (c) 2016-present, Yarn Contributors. All rights reserved.","https://www.npmjs.com/package/%40yarnpkg%2Flockfile"
"nodejs","agent-base","4.2.1","MIT","","https://www.npmjs.com/package/agent-base"
"nodejs","agent-base","6.0.2","MIT","","https://www.npmjs.com/package/agent-base"
"nodejs","agentkeepalive","3.5.2","MIT","Copyright(c) node-modules and other contributors.Copyright(c) 2012 - 2015 fengmk2 <fengmk2@gmail.com>","https://www.npmjs.com/package/agentkeepalive"
"nodejs","agentkeepalive","4.1.4","MIT","Copyright(c) node-modules and other contributors.Copyright(c) 2012 - 2015 fengmk2 <fengmk2@gmail.com>","https://www.npmjs.com/package/agentkeepalive"
"nodejs","ajv","6.12.3","MIT","Copyright (c) 2015-2021 Evgeny Poberezkin","https://www.npmjs.com/package/ajv"
"nodejs","ajv","8.6.2","MIT","Copyright (c) 2015-2021 Evgeny Poberezkin","https://www.npmjs.com/package/ajv"
"nodejs","angular-datatables","12.0.0","MIT","Copyright (c) Louis Lin <louis.lin.87@gmail.com> (l-lin.github.io)","https://www.npmjs.com/package/angular-datatables"
"nodejs","angular2-text-mask","9.0.0","Unlicense","","https://www.npmjs.com/package/angular2-text-mask"
"nodejs","ansi-colors","4.1.1","MIT","Copyright (c) 2015-present, Brian Woodward.","https://www.npmjs.com/package/ansi-colors"
"nodejs","ansi-escapes","4.3.2","MIT","Copyright (c) Sindre Sorhus <sindresorhus@gmail.com> (https://sindresorhus.com)","https://www.npmjs.com/package/ansi-escapes"
"nodejs","ansi-styles","4.3.0","MIT","Copyright (c) Sindre Sorhus <sindresorhus@gmail.com> (https://sindresorhus.com)","https://www.npmjs.com/package/ansi-styles"
"nodejs","asap","2.0.6","MIT","Copyright 2009–2014 Contributors. All rights reserved.","https://www.npmjs.com/package/asap"
"nodejs","bluebird","3.7.2","MIT","Copyright (c) 2013-2018 Petka Antonov","https://www.npmjs.com/package/bluebird"
"nodejs","bootstrap","4.6.0","MIT","Copyright (c) 2011-2025 The Bootstrap Authors","https://www.npmjs.com/package/bootstrap"
"nodejs","buffer-from","1.1.2","MIT","Copyright (c) 2016, 2018 Linus Unnebäck","https://www.npmjs.com/package/buffer-from"
"nodejs","cacache","12.0.4","ISC","Copyright (c) npm, Inc.","https://www.npmjs.com/package/cacache"
"nodejs","cacache","13.0.1","ISC","Copyright (c) npm, Inc.","https://www.npmjs.com/package/cacache"
"nodejs","cacache","15.2.0","ISC","Copyright (c) npm, Inc.","https://www.npmjs.com/package/cacache"
"nodejs","chalk","2.4.2","MIT","Copyright (c) Sindre Sorhus <sindresorhus@gmail.com> (https://sindresorhus.com)","https://www.npmjs.com/package/chalk"
"nodejs","chalk","3.0.0","MIT","Copyright (c) Sindre Sorhus <sindresorhus@gmail.com> (https://sindresorhus.com)","https://www.npmjs.com/package/chalk"
"nodejs","chalk","4.1.2","MIT","Copyright (c) Sindre Sorhus <sindresorhus@gmail.com> (https://sindresorhus.com)","https://www.npmjs.com/package/chalk"
"nodejs","chardet","0.7.0","MIT","Copyright (C) 2024 Dmitry Shirokov","https://www.npmjs.com/package/chardet"
"nodejs","chownr","1.1.4","ISC","Copyright","https://www.npmjs.com/package/chownr"
"nodejs","chownr","2.0.0","ISC","Copyright","https://www.npmjs.com/package/chownr"
"nodejs","cli-cursor","3.1.0","MIT","Copyright (c) Sindre Sorhus <sindresorhus@gmail.com> (https://sindresorhus.com)","https://www.npmjs.com/package/cli-cursor"
"nodejs","cli-spinners","2.6.0","MIT","Copyright (c) Sindre Sorhus <sindresorhus@gmail.com> (https://sindresorhus.com)","https://www.npmjs.com/package/cli-spinners"
"nodejs","cli-width","2.2.1","ISC","Copyright (c) 2015, Ilya Radchenko <knownasilya@gmail.com>","https://www.npmjs.com/package/cli-width"
"nodejs","cli-width","3.0.0","ISC","Copyright (c) 2015, Ilya Radchenko <knownasilya@gmail.com>","https://www.npmjs.com/package/cli-width"
"nodejs","clone","1.0.4","MIT","Copyright Copyright 2011-2015 Paul Vorbach <paul@vorba.ch>","https://www.npmjs.com/package/clone"
"nodejs","clone","2.1.2","MIT","Copyright Copyright 2011-2015 Paul Vorbach <paul@vorba.ch>","https://www.npmjs.com/package/clone"
"nodejs","color-convert","2.0.1","MIT","Copyright (c) 2011-2016 Heather Arthur <fayearthur@gmail.com>.Copyright (c) 2016-2021 Josh Junon <josh@junon.me>.","https://www.npmjs.com/package/color-convert"
"nodejs","color-name","1.1.4","MIT","Copyright (c) 2015 Dmitry Ivanov","https://www.npmjs.com/package/color-name"
"nodejs","concat-stream","1.6.2","MIT","Copyright (c) 2013 Max Ogden","https://www.npmjs.com/package/concat-stream"
"nodejs","core-js","2.6.11","MIT","Copyright (c) 2014-2025 Denis Pushkarev","https://www.npmjs.com/package/core-js"
"nodejs","crypto-js","4.0.0","MIT","Copyright (c) 2009-2013 Jeff Mott  Copyright (c) 2013-2016 Evan Vosberg","https://www.npmjs.com/package/crypto-js"
"nodejs","cyclist","1.0.1","MIT","Copyright (c) 2015 Mathias Buus","https://www.npmjs.com/package/cyclist"
"nodejs","datatables.net","1.10.25","MIT","Copyright SpryMedia Limited and other contributorshttp://datatables.net","https://www.npmjs.com/package/datatables.net"
"nodejs","datatables.net-dt","1.1.0","MIT","Copyright SpryMedia Limited and other contributorshttp://datatables.net","https://www.npmjs.com/package/datatables.net-dt"
"nodejs","debug","3.1.0","MIT","Copyright (c) 2014-2017 TJ Holowaychuk <tj@vision-media.ca>Copyright (c) 2018-2021 Josh Junon","https://www.npmjs.com/package/debug"
"nodejs","debug","3.2.7","MIT","Copyright (c) 2014-2017 TJ Holowaychuk <tj@vision-media.ca>Copyright (c) 2018-2021 Josh Junon","https://www.npmjs.com/package/debug"
"nodejs","debug","4.1.1","MIT","Copyright (c) 2014-2017 TJ Holowaychuk <tj@vision-media.ca>Copyright (c) 2018-2021 Josh Junon","https://www.npmjs.com/package/debug"
"nodejs","debug","4.3.2","MIT","Copyright (c) 2014-2017 TJ Holowaychuk <tj@vision-media.ca>Copyright (c) 2018-2021 Josh Junon","https://www.npmjs.com/package/debug"
"nodejs","debuglog","1.0.1","MIT","Copyright Joyent, Inc. and other Node contributors. All rights reserved.","https://www.npmjs.com/package/debuglog"
"nodejs","defaults","1.0.3","MIT","Copyright (c) Sindre Sorhus <sindresorhus@gmail.com> (https://sindresorhus.com)Copyright (c) Elijah Insua","https://www.npmjs.com/package/defaults"
"nodejs","dezalgo","1.0.3","ISC","Copyright (c) Isaac Z. Schlueter and Contributors","https://www.npmjs.com/package/dezalgo"
"nodejs","duplexify","3.7.1","MIT","Copyright (c) 2014 Mathias Buus","https://www.npmjs.com/package/duplexify"
"nodejs","encoding","0.1.13","MIT","Copyright (c) 2012-2014 Andris Reinman","https://www.npmjs.com/package/encoding"
"nodejs","end-of-stream","1.4.4","MIT","Copyright (c) 2014 Mathias Buus","https://www.npmjs.com/package/end-of-stream"
"nodejs","err-code","2.0.3","MIT","","https://www.npmjs.com/package/err-code"
"nodejs","es6-promise","4.2.8","MIT","Copyright (c) 2014 Yehuda Katz, Tom Dale, Stefan Penner and contributors","https://www.npmjs.com/package/es6-promise"
"nodejs","es6-promisify","5.0.0","MIT","Copyright (c) 2014 Mike Hall","https://www.npmjs.com/package/es6-promisify"
"nodejs","escape-string-regexp","1.0.5","MIT","Copyright (c) Sindre Sorhus <sindresorhus@gmail.com> (https://sindresorhus.com)","https://www.npmjs.com/package/escape-string-regexp"
"nodejs","external-editor","3.1.0","MIT","Copyright (c) 2016 Kevin Gravier","https://www.npmjs.com/package/external-editor"
"nodejs","fast-json-stable-stringify","2.1.0","MIT","Copyright (c) 2017 Evgeny PoberezkinCopyright (c) 2013 James Halliday","https://www.npmjs.com/package/fast-json-stable-stringify"
"nodejs","figgy-pudding","3.5.2","ISC","Copyright (c) npm, Inc.","https://www.npmjs.com/package/figgy-pudding"
"nodejs","figures","3.2.0","MIT","Copyright (c) Sindre Sorhus <sindresorhus@gmail.com> (https://sindresorhus.com)","https://www.npmjs.com/package/figures"
"nodejs","flush-write-stream","1.1.1","MIT","Copyright (c) 2015 Mathias Buus","https://www.npmjs.com/package/flush-write-stream"
"nodejs","font-awesome","4.7.0","MIT","Copyright (c) 2024 Fonticons, Inc. (https://fontawesome.com)with Reserved Font Name: Font Awesome.","https://www.npmjs.com/package/font-awesome"
"nodejs","from2","2.3.0","MIT","Copyright (c) 2014 Hugh Kennedy","https://www.npmjs.com/package/from2"
"nodejs","genfun","5.0.0","MIT","Copyright (c) 2017 Kat Marchán","https://www.npmjs.com/package/genfun"
"nodejs","get-stream","4.1.0","MIT","Copyright (c) Sindre Sorhus <sindresorhus@gmail.com> (https://sindresorhus.com)","https://www.npmjs.com/package/get-stream"
"nodejs","glob","7.1.5","ISC","Copyright (c) 2009-2023 Isaac Z. Schlueter and Contributors","https://www.npmjs.com/package/glob"
"nodejs","glob","7.1.7","ISC","Copyright (c) 2009-2023 Isaac Z. Schlueter and Contributors","https://www.npmjs.com/package/glob"
"nodejs","graceful-fs","4.2.6","ISC","Copyright (c) 2011-2023 Isaac Z. Schlueter, Ben Noordhuis, and Contributors","https://www.npmjs.com/package/graceful-fs"
"nodejs","has-flag","4.0.0","MIT","Copyright (c) Sindre Sorhus <sindresorhus@gmail.com> (https://sindresorhus.com)","https://www.npmjs.com/package/has-flag"
"nodejs","hosted-git-info","2.8.9","ISC","Copyright (c) 2015, Rebecca Turner","https://www.npmjs.com/package/hosted-git-info"
"nodejs","hosted-git-info","4.0.2","ISC","Copyright (c) 2015, Rebecca Turner","https://www.npmjs.com/package/hosted-git-info"
"nodejs","http-cache-semantics","3.8.1","BSD-2-Clause","Copyright 2016-2018 Kornel Lesiński","https://www.npmjs.com/package/http-cache-semantics"
"nodejs","http-cache-semantics","4.1.0","BSD-2-Clause","Copyright 2016-2018 Kornel Lesiński","https://www.npmjs.com/package/http-cache-semantics"
"nodejs","http-proxy-agent","2.1.0","MIT","","https://www.npmjs.com/package/http-proxy-agent"
"nodejs","http-proxy-agent","4.0.1","MIT","","https://www.npmjs.com/package/http-proxy-agent"
"nodejs","https-proxy-agent","2.2.4","MIT","Copyright (c) 2013 Nathan Rajlich","https://www.npmjs.com/package/https-proxy-agent"
"nodejs","https-proxy-agent","5.0.0","MIT","Copyright (c) 2013 Nathan Rajlich","https://www.npmjs.com/package/https-proxy-agent"
"nodejs","humanize-ms","1.2.1","MIT","Copyright(c) 2011 - 2017 dead-horse and other contributors.Copyright(c) 2024 - present node-modules and other contributors.","https://www.npmjs.com/package/humanize-ms"
"nodejs","iconv-lite","0.4.23","MIT","Copyright (c) 2011 Alexander Shtuchkin","https://www.npmjs.com/package/iconv-lite"
"nodejs","iconv-lite","0.6.3","MIT","Copyright (c) 2011 Alexander Shtuchkin","https://www.npmjs.com/package/iconv-lite"
"nodejs","ignore-walk","3.0.4","ISC","Copyright (c) Isaac Z. Schlueter and Contributors","https://www.npmjs.com/package/ignore-walk"
"nodejs","infer-owner","1.0.4","ISC","Copyright (c) npm, Inc. and Contributors","https://www.npmjs.com/package/infer-owner"
"nodejs","inherits","2.0.1","ISC","Copyright (c) 2011-2023 Isaac Z. Schlueter","https://www.npmjs.com/package/inherits"
"nodejs","ini","1.3.5","ISC","Copyright (c) Isaac Z. Schlueter and Contributors","https://www.npmjs.com/package/ini"
"nodejs","ini","2.0.0","ISC","Copyright (c) Isaac Z. Schlueter and Contributors","https://www.npmjs.com/package/ini"
"nodejs","inquirer","7.1.0","MIT","Copyright (c) 2025 Simon Boudrias","https://www.npmjs.com/package/inquirer"
"nodejs","inquirer","8.1.2","MIT","Copyright (c) 2025 Simon Boudrias","https://www.npmjs.com/package/inquirer"
"nodejs","ip","1.1.5","MIT","Copyright Fedor Indutny, 2012.","https://www.npmjs.com/package/ip"
"nodejs","is-interactive","1.0.0","MIT","Copyright (c) Sindre Sorhus <sindresorhus@gmail.com> (https://sindresorhus.com)","https://www.npmjs.com/package/is-interactive"
"nodejs","jquery","3.6.0","MIT","Copyright OpenJS Foundation and other contributors, https://openjsf.org/","https://www.npmjs.com/package/jquery"
"nodejs","json-parse-better-errors","1.0.2","MIT","Copyright 2017 Kat Marchán","https://www.npmjs.com/package/json-parse-better-errors"
"nodejs","json-parse-even-better-errors","2.3.1","MIT","Copyright 2017 Kat MarchánCopyright npm, Inc.","https://www.npmjs.com/package/json-parse-even-better-errors"
"nodejs","json-schema-traverse","1.0.0","MIT","Copyright (c) 2017 Evgeny Poberezkin","https://www.npmjs.com/package/json-schema-traverse"
"nodejs","jsonparse","1.3.1","MIT","Copyright (c) 2012 Tim Caswell","https://www.npmjs.com/package/jsonparse"
"nodejs","JSONStream","1.3.5","Apache-2.0","Copyright (c) 2011 Dominic Tarr","https://www.npmjs.com/package/JSONStream"
"nodejs","lodash","3.10.1","MIT","Copyright and related rights for sample code are waived via CC0. Samplecode is defined as all source code displayed within the prose of thedocumentation.","https://www.npmjs.com/package/lodash"
"nodejs","lodash","4.17.21","MIT","Copyright and related rights for sample code are waived via CC0. Samplecode is defined as all source code displayed within the prose of thedocumentation.","https://www.npmjs.com/package/lodash"
"nodejs","log-symbols","3.0.0","MIT","Copyright (c) Sindre Sorhus <sindresorhus@gmail.com> (https://sindresorhus.com)","https://www.npmjs.com/package/log-symbols"
"nodejs","log-symbols","4.1.0","MIT","Copyright (c) Sindre Sorhus <sindresorhus@gmail.com> (https://sindresorhus.com)","https://www.npmjs.com/package/log-symbols"
"nodejs","lru-cache","5.1.1","ISC","Copyright (c) 2010-2023 Isaac Z. Schlueter and Contributors","https://www.npmjs.com/package/lru-cache"
"nodejs","lru-cache","6.0.0","ISC","Copyright (c) 2010-2023 Isaac Z. Schlueter and Contributors","https://www.npmjs.com/package/lru-cache"
"nodejs","magic-string","0.25.7","MIT","Copyright 2018 Rich Harris","https://www.npmjs.com/package/magic-string"
"nodejs","make-fetch-happen","5.0.2","ISC","Copyright (c) npm, Inc.","https://www.npmjs.com/package/make-fetch-happen"
"nodejs","make-fetch-happen","9.1.0","ISC","Copyright 2017-2022 (c) npm, Inc.","https://www.npmjs.com/package/make-fetch-happen"
"nodejs","mimic-fn","2.1.0","MIT","Copyright (c) Sindre Sorhus <sindresorhus@gmail.com> (https://sindresorhus.com)","https://www.npmjs.com/package/mimic-fn"
"nodejs","minimatch","3.0.4","ISC","Copyright (c) 2011-2023 Isaac Z. Schlueter and Contributors","https://www.npmjs.com/package/minimatch"
"nodejs","minipass","2.9.0","ISC","Copyright (c) 2017-2023 npm, Inc., Isaac Z. Schlueter, and Contributors","https://www.npmjs.com/package/minipass"
"nodejs","minizlib","2.1.2","MIT","Copyright (c) 2017-2023 Joyent, Inc. and other Node contributors","https://www.npmjs.com/package/minizlib"
"nodejs","mississippi","3.0.0","BSD-2-Clause","Copyright (c) 2020 Max Ogden","https://www.npmjs.com/package/mississippi"
"nodejs","mkdirp","0.5.5","MIT","","https://www.npmjs.com/package/mkdirp"
"nodejs","mkdirp","1.0.4","MIT","Copyright (c) 2011-2023 James Halliday (mail@substack.net) and Isaac Z. Schlueter (i@izs.me)","https://www.npmjs.com/package/mkdirp"
"nodejs","moment","2.29.1","MIT","Copyright (c) JS Foundation and other contributors","https://www.npmjs.com/package/moment"
"nodejs","ms","2.0.0","MIT","Copyright (c) 2022 Vercel, Inc.","https://www.npmjs.com/package/ms"
"nodejs","mute-stream","0.0.8","ISC","Copyright (c) Isaac Z. Schlueter and Contributors","https://www.npmjs.com/package/mute-stream"
"nodejs","ng-sidebar","9.4.2","MIT","Copyright (c) 2016 - present Eugene Cheung","https://www.npmjs.com/package/ng-sidebar"
"nodejs","ngx-cookie-service","12.0.3","MIT","Copyright (c) 2020 Studytube BV","https://www.npmjs.com/package/ngx-cookie-service"
"nodejs","ngx-spinner","10.0.1","MIT","Copyright (c) 2023 Yuvraj Chauhan","https://www.npmjs.com/package/ngx-spinner"
"nodejs","node-fetch-npm","2.0.4","MIT","Copyright (c) 2016 David Frank","https://www.npmjs.com/package/node-fetch-npm"
"nodejs","normalize-package-data","2.5.0","BSD-2-Clause","Copyright (c) Meryn Stol (""Author"")All rights reserved.","https://www.npmjs.com/package/normalize-package-data"
"nodejs","npm-bundled","1.1.2","ISC","Copyright (c) npm, Inc. and Contributors","https://www.npmjs.com/package/npm-bundled"
"nodejs","npm-normalize-package-bin","1.0.1","ISC","Copyright (c) npm, Inc.","https://www.npmjs.com/package/npm-normalize-package-bin"
"nodejs","npm-package-arg","6.1.1","ISC","Copyright (c) npm, Inc.","https://www.npmjs.com/package/npm-package-arg"
"nodejs","npm-package-arg","8.0.1","ISC","Copyright (c) npm, Inc.","https://www.npmjs.com/package/npm-package-arg"
"nodejs","npm-package-arg","8.1.5","ISC","Copyright (c) npm, Inc.","https://www.npmjs.com/package/npm-package-arg"
"nodejs","npm-packlist","1.4.8","ISC","Copyright (c) Isaac Z. Schlueter and Contributors","https://www.npmjs.com/package/npm-packlist"
"nodejs","npm-packlist","2.2.2","ISC","Copyright (c) Isaac Z. Schlueter and Contributors","https://www.npmjs.com/package/npm-packlist"
"nodejs","npm-pick-manifest","3.0.2","ISC","Copyright (c) npm, Inc.","https://www.npmjs.com/package/npm-pick-manifest"
"nodejs","npm-pick-manifest","6.1.1","ISC","Copyright (c) npm, Inc.","https://www.npmjs.com/package/npm-pick-manifest"
"nodejs","npm-registry-fetch","11.0.0","ISC","Copyright npm, Inc.","https://www.npmjs.com/package/npm-registry-fetch"
"nodejs","npm-registry-fetch","4.0.7","ISC","Copyright npm, Inc.","https://www.npmjs.com/package/npm-registry-fetch"
"nodejs","object.getownpropertydescriptors","2.1.2","MIT","Copyright (c) 2015 Jordan Harband","https://www.npmjs.com/package/object.getownpropertydescriptors"
"nodejs","once","1.4.0","ISC","Copyright (c) 2012-2023 Isaac Z. Schlueter and Contributors","https://www.npmjs.com/package/once"
"nodejs","onetime","5.1.2","MIT","Copyright (c) Sindre Sorhus <sindresorhus@gmail.com> (https://sindresorhus.com)","https://www.npmjs.com/package/onetime"
"nodejs","open","7.0.0","MIT","Copyright (c) Sindre Sorhus <sindresorhus@gmail.com> (https://sindresorhus.com)","https://www.npmjs.com/package/open"
"nodejs","open","7.0.3","MIT","Copyright (c) Sindre Sorhus <sindresorhus@gmail.com> (https://sindresorhus.com)","https://www.npmjs.com/package/open"
"nodejs","open","8.2.1","MIT","Copyright (c) Sindre Sorhus <sindresorhus@gmail.com> (https://sindresorhus.com)","https://www.npmjs.com/package/open"
"nodejs","ora","4.0.3","MIT","Copyright (c) Sindre Sorhus <sindresorhus@gmail.com> (https://sindresorhus.com)","https://www.npmjs.com/package/ora"
"nodejs","ora","5.4.1","MIT","Copyright (c) Sindre Sorhus <sindresorhus@gmail.com> (https://sindresorhus.com)","https://www.npmjs.com/package/ora"
"nodejs","os-homedir","1.0.2","MIT","Copyright (c) Sindre Sorhus <sindresorhus@gmail.com> (sindresorhus.com)","https://www.npmjs.com/package/os-homedir"
"nodejs","os-tmpdir","1.0.2","MIT","Copyright (c) Sindre Sorhus <sindresorhus@gmail.com> (sindresorhus.com)","https://www.npmjs.com/package/os-tmpdir"
"nodejs","osenv","0.1.5","ISC","Copyright (c) Isaac Z. Schlueter and Contributors","https://www.npmjs.com/package/osenv"
"nodejs","p-map","4.0.0","MIT","Copyright (c) Sindre Sorhus <sindresorhus@gmail.com> (https://sindresorhus.com)","https://www.npmjs.com/package/p-map"
"nodejs","pacote","11.3.5","ISC","Copyright (c) Isaac Z. Schlueter, Kat Marchán, npm, Inc., and Contributors","https://www.npmjs.com/package/pacote"
"nodejs","pacote","9.5.12","ISC","Copyright (c) Isaac Z. Schlueter, Kat Marchán, npm, Inc., and Contributors","https://www.npmjs.com/package/pacote"
"nodejs","parallel-transform","1.2.0","MIT","Copyright 2013 Mathias Buus","https://www.npmjs.com/package/parallel-transform"
"nodejs","parse5","4.0.0","MIT","Copyright (c) 2013-2019 Ivan Nikulin (ifaaan@gmail.com, https://github.com/inikulin)","https://www.npmjs.com/package/parse5"
"nodejs","promise-inflight","1.0.1","ISC","Copyright (c) 2017, Rebecca Turner <me@re-becca.org>","https://www.npmjs.com/package/promise-inflight"
"nodejs","promise-retry","1.1.1","MIT","Copyright (c) 2014 IndigoUnited","https://www.npmjs.com/package/promise-retry"
"nodejs","promise-retry","2.0.1","MIT","Copyright (c) 2014 IndigoUnited","https://www.npmjs.com/package/promise-retry"
"nodejs","protoduck","5.0.1","MIT","Copyright (c) 2017 Kat Marchán","https://www.npmjs.com/package/protoduck"
"nodejs","pump","2.0.1","MIT","Copyright (c) 2014 Mathias Buus","https://www.npmjs.com/package/pump"
"nodejs","pump","3.0.0","MIT","Copyright (c) 2014 Mathias Buus","https://www.npmjs.com/package/pump"
"nodejs","pumpify","1.5.1","MIT","Copyright (c) 2014 Mathias Buus","https://www.npmjs.com/package/pumpify"
"nodejs","read-package-json","2.1.2","ISC","Copyright (c) Isaac Z. Schlueter","https://www.npmjs.com/package/read-package-json"
"nodejs","read-package-tree","5.3.1","ISC","Copyright (c) Isaac Z. Schlueter and Contributors","https://www.npmjs.com/package/read-package-tree"
"nodejs","readable-stream","1.0.34","MIT","Copyright Node.js contributors. All rights reserved.","https://www.npmjs.com/package/readable-stream"
"nodejs","readdir-scoped-modules","1.1.0","ISC","Copyright (c) Isaac Z. Schlueter and Contributors","https://www.npmjs.com/package/readdir-scoped-modules"
"nodejs","request","2.88.2","Apache-2.0","","https://www.npmjs.com/package/request"
"nodejs","resolve","1.20.0","MIT","Copyright (c) 2012 James Halliday","https://www.npmjs.com/package/resolve"
"nodejs","restore-cursor","3.1.0","MIT","Copyright (c) Sindre Sorhus <sindresorhus@gmail.com> (https://sindresorhus.com)","https://www.npmjs.com/package/restore-cursor"
"nodejs","rimraf","2.7.1","ISC","Copyright (c) 2011-2023 Isaac Z. Schlueter and Contributors","https://www.npmjs.com/package/rimraf"
"nodejs","rimraf","3.0.2","ISC","Copyright (c) 2011-2023 Isaac Z. Schlueter and Contributors","https://www.npmjs.com/package/rimraf"
"nodejs","run-async","2.4.1","MIT","Copyright (c) 2014 Simon Boudrias","https://www.npmjs.com/package/run-async"
"nodejs","rxjs","6.5.3","Apache-2.0","Copyright (c) 2015-2025     Ben Lesh <ben@benlesh.com>    Google, Inc.    Netflix, Inc.    Microsoft Corp.    and contributors","https://www.npmjs.com/package/rxjs"
"nodejs","rxjs","6.5.4","Apache-2.0","Copyright (c) 2015-2025     Ben Lesh <ben@benlesh.com>    Google, Inc.    Netflix, Inc.    Microsoft Corp.    and contributors","https://www.npmjs.com/package/rxjs"
"nodejs","rxjs","6.6.7","Apache-2.0","Copyright (c) 2015-2025     Ben Lesh <ben@benlesh.com>    Google, Inc.    Netflix, Inc.    Microsoft Corp.    and contributors","https://www.npmjs.com/package/rxjs"
"nodejs","safe-buffer","5.2.1","MIT","Copyright (c) Feross Aboukhadijeh","https://www.npmjs.com/package/safe-buffer"
"nodejs","semver","4.3.6","BSD-2-Clause,ISC","Copyright (c) Isaac Z. Schlueter and Contributors","https://www.npmjs.com/package/semver"
"nodejs","semver","7.1.3","ISC","Copyright (c) Isaac Z. Schlueter and Contributors","https://www.npmjs.com/package/semver"
"nodejs","semver","7.3.5","ISC","Copyright (c) Isaac Z. Schlueter and Contributors","https://www.npmjs.com/package/semver"
"nodejs","semver-intersect","1.4.0","MIT","Copyright (c) 2017 Suneil Nyamathi","https://www.npmjs.com/package/semver-intersect"
"nodejs","signal-exit","3.0.3","ISC","Copyright (c) 2015-2023 Benjamin Coe, Isaac Z. Schlueter, and Contributors","https://www.npmjs.com/package/signal-exit"
"nodejs","smart-buffer","4.1.0","MIT","Copyright (c) 2013-2017 Josh Glazebrook","https://www.npmjs.com/package/smart-buffer"
"nodejs","socks","2.3.3","MIT","Copyright (c) 2013 Josh Glazebrook","https://www.npmjs.com/package/socks"
"nodejs","socks","2.6.1","MIT","Copyright (c) 2013 Josh Glazebrook","https://www.npmjs.com/package/socks"
"nodejs","socks-proxy-agent","4.0.2","MIT","","https://www.npmjs.com/package/socks-proxy-agent"
"nodejs","socks-proxy-agent","6.0.0","MIT","","https://www.npmjs.com/package/socks-proxy-agent"
"nodejs","source-map","0.7.3","BSD-3-Clause","Copyright (c) 2009-2011, Mozilla Foundation and contributorsAll rights reserved.","https://www.npmjs.com/package/source-map"
"nodejs","spdx-correct","3.1.1","Apache-2.0","Copyright spdxcorrect.js contributors","https://www.npmjs.com/package/spdx-correct"
"nodejs","spdx-exceptions","2.3.0","CC-BY-3.0","Copyright and Licensing","https://www.npmjs.com/package/spdx-exceptions"
"nodejs","spdx-expression-parse","3.0.1","MIT","Copyright (c) 2015 Kyle E. Mitchell & other authors listed in AUTHORS","https://www.npmjs.com/package/spdx-expression-parse"
"nodejs","spdx-license-ids","3.0.9","CC0-1.0","","https://www.npmjs.com/package/spdx-license-ids"
"nodejs","ssri","6.0.2","ISC","Copyright (c) npm, Inc.","https://www.npmjs.com/package/ssri"
"nodejs","ssri","7.1.1","ISC","Copyright 2021 (c) npm, Inc.","https://www.npmjs.com/package/ssri"
"nodejs","ssri","8.0.1","ISC","Copyright 2021 (c) npm, Inc.","https://www.npmjs.com/package/ssri"
"nodejs","stream-each","1.2.3","MIT","Copyright (c) 2015 Mathias Buus","https://www.npmjs.com/package/stream-each"
"nodejs","stream-shift","1.0.1","MIT","Copyright (c) 2016 Mathias Buus","https://www.npmjs.com/package/stream-shift"
"nodejs","string-width","2.1.1","MIT","Copyright (c) Sindre Sorhus <sindresorhus@gmail.com> (https://sindresorhus.com)","https://www.npmjs.com/package/string-width"
"nodejs","strip-ansi","4.0.0","MIT","Copyright (c) Sindre Sorhus <sindresorhus@gmail.com> (https://sindresorhus.com)","https://www.npmjs.com/package/strip-ansi"
"nodejs","supports-color","7.2.0","MIT","Copyright (c) Sindre Sorhus <sindresorhus@gmail.com> (https://sindresorhus.com)","https://www.npmjs.com/package/supports-color"
"nodejs","symbol-observable","1.2.0","MIT","Copyright (c) 2021 Sindre Sorhus <sindresorhus@gmail.com> (sindresorhus.com)Copyright (c) 2021 Ben Lesh <ben@benlesh.com>","https://www.npmjs.com/package/symbol-observable"
"nodejs","symbol-observable","4.0.0","MIT","Copyright (c) 2021 Sindre Sorhus <sindresorhus@gmail.com> (sindresorhus.com)Copyright (c) 2021 Ben Lesh <ben@benlesh.com>","https://www.npmjs.com/package/symbol-observable"
"nodejs","tar","4.4.15","ISC","Copyright (c) Isaac Z. Schlueter and Contributors","https://www.npmjs.com/package/tar"
"nodejs","tar","6.1.10","ISC","Copyright (c) Isaac Z. Schlueter and Contributors","https://www.npmjs.com/package/tar"
"nodejs","text-mask-addons","3.8.0","Unlicense","","https://www.npmjs.com/package/text-mask-addons"
"nodejs","text-mask-core","5.1.2","Unlicense","","https://www.npmjs.com/package/text-mask-core"
"nodejs","through","2.3.8","MIT","Copyright (c) 2011 Dominic Tarr","https://www.npmjs.com/package/through"
"nodejs","through2","2.0.5","MIT","Copyright (c) Rod Vagg (the Original Author) and additional contributors","https://www.npmjs.com/package/through2"
"nodejs","tmp","0.0.31","MIT","Copyright (c) 2014 KARASZI István","https://www.npmjs.com/package/tmp"
"nodejs","tslib","1.10.0","Apache-2.0","Copyright (c) Microsoft Corporation.","https://www.npmjs.com/package/tslib"
"nodejs","tslib","1.14.1","0BSD","Copyright (c) Microsoft Corporation.","https://www.npmjs.com/package/tslib"
"nodejs","tslib","2.3.0","0BSD","Copyright (c) Microsoft Corporation.","https://www.npmjs.com/package/tslib"
"nodejs","tslib","2.3.1","0BSD","Copyright (c) Microsoft Corporation.","https://www.npmjs.com/package/tslib"
"nodejs","tslib","2.4.0","0BSD","Copyright (c) Microsoft Corporation.","https://www.npmjs.com/package/tslib"
"nodejs","type-fest","0.21.3","MIT","Copyright (c) Sindre Sorhus (https://sindresorhus.com)","https://www.npmjs.com/package/type-fest"
"nodejs","typedarray","0.0.6","MIT","","https://www.npmjs.com/package/typedarray"
"nodejs","unique-filename","1.1.1","ISC","Copyright npm, Inc","https://www.npmjs.com/package/unique-filename"
"nodejs","universal-analytics","0.4.20","MIT","Copyright (c) 2017 Peaks & Pies GmbH &lt;hello@peaksandpies.com&gt;","https://www.npmjs.com/package/universal-analytics"
"nodejs","util-promisify","2.1.0","MIT","Copyright 2021 Julian Gruber","https://www.npmjs.com/package/util-promisify"
"nodejs","uuid","3.4.0","MIT","Copyright (c) 2010-2020 Robert Kieffer and other contributors","https://www.npmjs.com/package/uuid"
"nodejs","uuid","7.0.2","MIT","Copyright (c) 2010-2020 Robert Kieffer and other contributors","https://www.npmjs.com/package/uuid"
"nodejs","validate-npm-package-license","3.0.4","Apache-2.0","","https://www.npmjs.com/package/validate-npm-package-license"
"nodejs","wcwidth","1.0.1","MIT","Copyright (C) 2012 by Jun Woong.","https://www.npmjs.com/package/wcwidth"
"nodejs","which","1.3.1","ISC","Copyright (c) Isaac Z. Schlueter and Contributors","https://www.npmjs.com/package/which"
"nodejs","wrappy","1.0.2","ISC","Copyright (c) Isaac Z. Schlueter and Contributors","https://www.npmjs.com/package/wrappy"
"nodejs","xtend","4.0.2","MIT","Copyright (c) 2012-2014 Raynos.","https://www.npmjs.com/package/xtend"
"nodejs","yallist","3.1.1","ISC","Copyright","https://www.npmjs.com/package/yallist"
"nodejs","yargs","12.0.5","MIT","Copyright 2010 James Halliday (mail@substack.net); Modified work Copyright 2014 Contributors (ben@npmjs.com)","https://www.npmjs.com/package/yargs"
"nodejs","zone.js","0.11.4","MIT","Copyright (c) 2010-2025 Google LLC. https://angular.dev/license","https://www.npmjs.com/package/zone.js"
